{"stats":{"minecraft:killed_by":{"minecraft:skeleton":2,"minecraft:creeper":1,"minecraft:zombie":3},"minecraft:custom":{"minecraft:interact_with_furnace":45,"minecraft:mob_kills":47,"minecraft:traded_with_villager":1,"minecraft:interact_with_crafting_table":44,"minecraft:open_barrel":4,"minecraft:interact_with_campfire":4,"minecraft:leave_game":3,"minecraft:time_since_death":33306,"minecraft:climb_one_cm":6739,"minecraft:time_since_rest":33332,"minecraft:sprint_one_cm":219730,"minecraft:damage_taken":2835,"minecraft:walk_one_cm":224101,"minecraft:damage_blocked_by_shield":1039,"minecraft:drop":26,"minecraft:damage_dealt":4985,"minecraft:talked_to_villager":1,"minecraft:swim_one_cm":32376,"minecraft:fly_one_cm":141971,"minecraft:open_chest":17,"minecraft:crouch_one_cm":1781,"minecraft:play_time":152747,"minecraft:deaths":6,"minecraft:sneak_time":661,"minecraft:walk_under_water_one_cm":15649,"minecraft:jump":1241,"minecraft:walk_on_water_one_cm":27258,"minecraft:inspect_dispenser":4,"minecraft:total_world_time":152747,"minecraft:fall_one_cm":25974},"minecraft:picked_up":{"minecraft:wooden_axe":1,"minecraft:birch_log":17,"minecraft:birch_door":15,"minecraft:crafting_table":8,"minecraft:cooked_beef":4,"minecraft:flower_pot":1,"minecraft:water_bucket":2,"minecraft:andesite":26,"minecraft:wooden_pickaxe":3,"minecraft:birch_planks":41,"minecraft:enchanted_book":1,"minecraft:chain":3,"minecraft:oak_log":12,"minecraft:waxed_copper_block":1,"minecraft:shield":2,"minecraft:lapis_lazuli":10,"minecraft:iron_axe":1,"minecraft:cooked_mutton":20,"minecraft:bone":11,"minecraft:bow":1,"minecraft:wheat_seeds":18,"minecraft:trial_key":2,"minecraft:cobbled_deepslate":11,"minecraft:cooked_chicken":2,"minecraft:iron_ingot":20,"minecraft:beef":2,"minecraft:stone_pickaxe":3,"minecraft:iron_pickaxe":3,"minecraft:light_gray_wool":2,"minecraft:melon_slice":563,"minecraft:oak_planks":18,"minecraft:furnace":7,"minecraft:stick":36,"minecraft:raw_iron":47,"minecraft:sweet_berries":5,"minecraft:gravel":28,"minecraft:diorite":32,"minecraft:dead_bush":1,"minecraft:redstone":66,"minecraft:polished_tuff":1,"minecraft:honey_bottle":1,"minecraft:slime_ball":14,"minecraft:arrow":8,"minecraft:rotten_flesh":10,"minecraft:diamond":3,"minecraft:crossbow":1,"minecraft:breeze_rod":2,"minecraft:bone_meal":15,"minecraft:bread":1,"minecraft:emerald":34,"minecraft:glow_berries":2,"minecraft:mutton":26,"minecraft:coal":161,"minecraft:white_wool":21,"minecraft:cobblestone":254,"minecraft:nautilus_shell":5},"minecraft:mined":{"minecraft:crafting_table":5,"minecraft:potted_dead_bush":1,"minecraft:short_grass":14,"minecraft:melon":23,"minecraft:cobblestone":7,"minecraft:lapis_ore":1,"minecraft:diorite":11,"minecraft:birch_planks":6,"minecraft:redstone_ore":7,"minecraft:furnace":3,"minecraft:birch_log":11,"minecraft:iron_ore":32,"minecraft:fire":1,"minecraft:cobbled_deepslate":1,"minecraft:polished_tuff":1,"minecraft:waxed_copper_block":1,"minecraft:andesite":13,"minecraft:coal_ore":50,"minecraft:oak_log":6,"minecraft:vine":1,"minecraft:stone":105,"minecraft:white_wool":1,"minecraft:oak_leaves":5,"minecraft:deepslate":11,"minecraft:fern":4},"minecraft:used":{"minecraft:cooked_mutton":5,"minecraft:water_bucket":42,"minecraft:birch_planks":25,"minecraft:stone_pickaxe":29,"minecraft:shield":30,"minecraft:wooden_pickaxe":53,"minecraft:iron_sword":54,"minecraft:trial_key":2,"minecraft:iron_chestplate":1,"minecraft:white_wool":1,"minecraft:crafting_table":5,"minecraft:crossbow":5,"minecraft:wooden_axe":51,"minecraft:wind_charge":1,"minecraft:iron_axe":16,"minecraft:melon_slice":56,"minecraft:iron_pickaxe":193,"minecraft:iron_helmet":1,"minecraft:iron_boots":1,"minecraft:gravel":9,"minecraft:bow":1,"minecraft:cobblestone":54,"minecraft:sweet_berries":5,"minecraft:furnace":3,"minecraft:bucket":43,"minecraft:iron_leggings":1},"minecraft:killed":{"minecraft:spider":2,"minecraft:slime":17,"minecraft:skeleton":9,"minecraft:sheep":5,"minecraft:zombie":10,"minecraft:drowned":1,"minecraft:cow":1},"minecraft:crafted":{"minecraft:cooked_beef":2,"minecraft:oak_planks":24,"minecraft:crafting_table":1,"minecraft:wind_charge":8,"minecraft:wooden_pickaxe":1,"minecraft:iron_helmet":1,"minecraft:iron_sword":1,"minecraft:furnace":1,"minecraft:bucket":1,"minecraft:bone_meal":3,"minecraft:birch_planks":44,"minecraft:cooked_mutton":6,"minecraft:diamond_pickaxe":1,"minecraft:iron_boots":1,"minecraft:iron_chestplate":1,"minecraft:shield":1,"minecraft:iron_axe":1,"minecraft:stick":16,"minecraft:iron_ingot":48,"minecraft:iron_pickaxe":1,"minecraft:stone_pickaxe":2,"minecraft:wooden_axe":1,"minecraft:iron_leggings":1,"minecraft:birch_door":3},"minecraft:dropped":{"minecraft:wheat_seeds":3,"minecraft:crossbow":1,"minecraft:glow_berries":2,"minecraft:polished_tuff":1,"minecraft:light_gray_wool":1,"minecraft:honey_bottle":1,"minecraft:cooked_mutton":2,"minecraft:waxed_copper_block":1,"minecraft:shield":1,"minecraft:flower_pot":1,"minecraft:melon_slice":9,"minecraft:dead_bush":1,"minecraft:chain":3,"minecraft:stone_pickaxe":1,"minecraft:iron_pickaxe":1},"minecraft:broken":{"minecraft:wooden_axe":1,"minecraft:wooden_pickaxe":1}},"DataVersion":3953}