{"stats":{"minecraft:killed_by":{"minecraft:skeleton":2,"minecraft:creeper":1,"minecraft:zombie":3},"minecraft:custom":{"minecraft:interact_with_furnace":44,"minecraft:mob_kills":43,"minecraft:traded_with_villager":1,"minecraft:interact_with_crafting_table":43,"minecraft:open_barrel":4,"minecraft:interact_with_campfire":4,"minecraft:leave_game":3,"minecraft:time_since_death":21306,"minecraft:climb_one_cm":6739,"minecraft:time_since_rest":21332,"minecraft:sprint_one_cm":181139,"minecraft:damage_taken":2571,"minecraft:walk_one_cm":183979,"minecraft:damage_blocked_by_shield":729,"minecraft:drop":3,"minecraft:damage_dealt":4582,"minecraft:talked_to_villager":1,"minecraft:swim_one_cm":32376,"minecraft:fly_one_cm":124215,"minecraft:open_chest":13,"minecraft:crouch_one_cm":909,"minecraft:play_time":140747,"minecraft:deaths":6,"minecraft:sneak_time":440,"minecraft:walk_under_water_one_cm":13390,"minecraft:jump":1116,"minecraft:walk_on_water_one_cm":25925,"minecraft:inspect_dispenser":2,"minecraft:total_world_time":140747,"minecraft:fall_one_cm":24428},"minecraft:picked_up":{"minecraft:wooden_axe":1,"minecraft:birch_log":17,"minecraft:birch_door":15,"minecraft:crafting_table":8,"minecraft:cooked_beef":4,"minecraft:flower_pot":1,"minecraft:water_bucket":2,"minecraft:andesite":26,"minecraft:wooden_pickaxe":3,"minecraft:birch_planks":41,"minecraft:enchanted_book":1,"minecraft:oak_log":12,"minecraft:waxed_copper_block":1,"minecraft:shield":1,"minecraft:lapis_lazuli":10,"minecraft:iron_axe":1,"minecraft:cooked_mutton":20,"minecraft:bone":6,"minecraft:wheat_seeds":18,"minecraft:cobbled_deepslate":11,"minecraft:iron_ingot":20,"minecraft:beef":2,"minecraft:stone_pickaxe":3,"minecraft:iron_pickaxe":3,"minecraft:light_gray_wool":2,"minecraft:melon_slice":563,"minecraft:oak_planks":18,"minecraft:furnace":7,"minecraft:stick":36,"minecraft:raw_iron":47,"minecraft:sweet_berries":5,"minecraft:gravel":28,"minecraft:diorite":32,"minecraft:dead_bush":1,"minecraft:redstone":66,"minecraft:polished_tuff":1,"minecraft:slime_ball":14,"minecraft:arrow":2,"minecraft:rotten_flesh":10,"minecraft:breeze_rod":2,"minecraft:bone_meal":15,"minecraft:emerald":31,"minecraft:mutton":26,"minecraft:coal":161,"minecraft:white_wool":21,"minecraft:cobblestone":254,"minecraft:nautilus_shell":5},"minecraft:mined":{"minecraft:crafting_table":5,"minecraft:potted_dead_bush":1,"minecraft:short_grass":14,"minecraft:melon":23,"minecraft:cobblestone":7,"minecraft:lapis_ore":1,"minecraft:diorite":11,"minecraft:birch_planks":6,"minecraft:redstone_ore":7,"minecraft:furnace":3,"minecraft:birch_log":11,"minecraft:iron_ore":32,"minecraft:fire":1,"minecraft:cobbled_deepslate":1,"minecraft:polished_tuff":1,"minecraft:waxed_copper_block":1,"minecraft:andesite":13,"minecraft:coal_ore":50,"minecraft:oak_log":6,"minecraft:vine":1,"minecraft:stone":105,"minecraft:white_wool":1,"minecraft:oak_leaves":5,"minecraft:deepslate":11,"minecraft:fern":4},"minecraft:used":{"minecraft:cooked_mutton":4,"minecraft:water_bucket":32,"minecraft:birch_planks":25,"minecraft:stone_pickaxe":29,"minecraft:shield":22,"minecraft:wooden_pickaxe":53,"minecraft:iron_sword":45,"minecraft:iron_chestplate":1,"minecraft:white_wool":1,"minecraft:crafting_table":5,"minecraft:crossbow":1,"minecraft:wooden_axe":51,"minecraft:iron_axe":16,"minecraft:melon_slice":41,"minecraft:iron_pickaxe":193,"minecraft:iron_helmet":1,"minecraft:iron_boots":1,"minecraft:gravel":9,"minecraft:cobblestone":45,"minecraft:sweet_berries":5,"minecraft:furnace":3,"minecraft:bucket":33,"minecraft:iron_leggings":1},"minecraft:killed":{"minecraft:spider":2,"minecraft:slime":17,"minecraft:skeleton":5,"minecraft:sheep":5,"minecraft:zombie":10,"minecraft:drowned":1,"minecraft:cow":1},"minecraft:crafted":{"minecraft:cooked_beef":2,"minecraft:oak_planks":24,"minecraft:crafting_table":1,"minecraft:wooden_pickaxe":1,"minecraft:iron_helmet":1,"minecraft:iron_sword":1,"minecraft:furnace":1,"minecraft:bucket":1,"minecraft:bone_meal":3,"minecraft:birch_planks":44,"minecraft:cooked_mutton":6,"minecraft:iron_boots":1,"minecraft:iron_chestplate":1,"minecraft:shield":1,"minecraft:iron_axe":1,"minecraft:stick":16,"minecraft:iron_ingot":48,"minecraft:iron_pickaxe":1,"minecraft:stone_pickaxe":2,"minecraft:wooden_axe":1,"minecraft:iron_leggings":1,"minecraft:birch_door":3},"minecraft:dropped":{"minecraft:light_gray_wool":1,"minecraft:melon_slice":1,"minecraft:stone_pickaxe":1},"minecraft:broken":{"minecraft:wooden_axe":1,"minecraft:wooden_pickaxe":1}},"DataVersion":3953}