{"stats":{"minecraft:killed":{"minecraft:cave_spider":2,"minecraft:spider":6,"minecraft:skeleton":17,"minecraft:chicken":8,"minecraft:pig":2,"minecraft:salmon":3,"minecraft:creeper":1,"minecraft:sheep":1,"minecraft:zombie":17},"minecraft:mined":{"minecraft:diamond_ore":2,"minecraft:tuff":2,"minecraft:mossy_cobblestone":36,"minecraft:deepslate_diamond_ore":12,"minecraft:jungle_leaves":2,"minecraft:granite":125,"minecraft:jungle_log":11,"minecraft:spawner":2,"minecraft:redstone_ore":10,"minecraft:furnace":4,"minecraft:iron_ore":18,"minecraft:andesite":1,"minecraft:deepslate_lapis_ore":12,"minecraft:deepslate_iron_ore":13,"minecraft:vine":1,"minecraft:stone":342,"minecraft:deepslate_redstone_ore":6,"minecraft:smoker":1,"minecraft:crafting_table":5,"minecraft:torch":3,"minecraft:short_grass":13,"minecraft:melon":15,"minecraft:chest":4,"minecraft:dead_bush":9,"minecraft:cobblestone":99,"minecraft:deepslate_coal_ore":1,"minecraft:deepslate_gold_ore":15,"minecraft:lapis_ore":1,"minecraft:sugar_cane":39,"minecraft:oak_planks":3,"minecraft:diorite":54,"minecraft:coal_ore":81,"minecraft:oak_log":29,"minecraft:gold_ore":10,"minecraft:oak_leaves":4,"minecraft:deepslate":28,"minecraft:fern":1},"minecraft:crafted":{"minecraft:oak_planks":76,"minecraft:cooked_chicken":3,"minecraft:furnace":2,"minecraft:stone_pickaxe":1,"minecraft:smoker":2,"minecraft:diamond_axe":1,"minecraft:crafting_table":3,"minecraft:wooden_pickaxe":2,"minecraft:bucket":2,"minecraft:bread":1,"minecraft:air":0,"minecraft:jungle_planks":44,"minecraft:stick":48,"minecraft:iron_ingot":28,"minecraft:wooden_axe":2,"minecraft:gold_ingot":18,"minecraft:torch":140},"minecraft:broken":{"minecraft:diamond_axe":1,"minecraft:iron_helmet":1,"minecraft:wooden_axe":1},"minecraft:picked_up":{"minecraft:cocoa_beans":1,"minecraft:crafting_table":7,"minecraft:iron_chestplate":3,"minecraft:wheat":12,"minecraft:chicken":18,"minecraft:shield":3,"minecraft:string":58,"minecraft:flint_and_steel":1,"minecraft:iron_leggings":3,"minecraft:cobbled_deepslate":56,"minecraft:bucket":7,"minecraft:melon_slice":182,"minecraft:sugar_cane":209,"minecraft:chest":4,"minecraft:furnace":4,"minecraft:iron_boots":3,"minecraft:golden_helmet":2,"minecraft:raw_iron":32,"minecraft:stick":32,"minecraft:oak_fence":1,"minecraft:torch":67,"minecraft:porkchop":3,"minecraft:diorite":53,"minecraft:carrot":15,"minecraft:redstone":207,"minecraft:rotten_flesh":67,"minecraft:arrow":32,"minecraft:beetroot_seeds":3,"minecraft:saddle":1,"minecraft:gold_ingot":37,"minecraft:mutton":1,"minecraft:cobblestone":426,"minecraft:white_wool":1,"minecraft:rail":2,"minecraft:feather":17,"minecraft:golden_carrot":10,"minecraft:jungle_log":11,"minecraft:salmon":3,"minecraft:andesite":1,"minecraft:smoker":5,"minecraft:flint":2,"minecraft:tuff":1,"minecraft:oak_log":33,"minecraft:golden_boots":2,"minecraft:gunpowder":19,"minecraft:lapis_lazuli":161,"minecraft:dirt":2,"minecraft:name_tag":1,"minecraft:bone":37,"minecraft:apple":1,"minecraft:wheat_seeds":2,"minecraft:raw_gold":35,"minecraft:iron_ingot":44,"minecraft:oak_planks":12,"minecraft:cooked_porkchop":6,"minecraft:jungle_planks":52,"minecraft:spider_eye":1,"minecraft:mossy_cobblestone":68,"minecraft:diamond":19,"minecraft:iron_helmet":2,"minecraft:diamond_axe":3,"minecraft:granite":179,"minecraft:bone_meal":2,"minecraft:golden_apple":1,"minecraft:bread":6,"minecraft:coal":158,"minecraft:diamond_pickaxe":3},"minecraft:killed_by":{"minecraft:drowned":1,"minecraft:skeleton":1},"minecraft:used":{"minecraft:chest":4,"minecraft:shield":46,"minecraft:rotten_flesh":1,"minecraft:cooked_chicken":3,"minecraft:iron_chestplate":1,"minecraft:torch":191,"minecraft:dirt":2,"minecraft:carrot":15,"minecraft:granite":5,"minecraft:wooden_axe":50,"minecraft:iron_helmet":1,"minecraft:iron_boots":1,"minecraft:golden_carrot":8,"minecraft:furnace":4,"minecraft:cobbled_deepslate":18,"minecraft:iron_leggings":1,"minecraft:water_bucket":7,"minecraft:wooden_pickaxe":3,"minecraft:diamond_axe":169,"minecraft:salmon":3,"minecraft:mossy_cobblestone":4,"minecraft:crafting_table":6,"minecraft:smoker":1,"minecraft:diamond_pickaxe":879,"minecraft:bread":1,"minecraft:melon_slice":37,"minecraft:cobblestone":1,"minecraft:cooked_porkchop":2,"minecraft:bucket":7},"minecraft:custom":{"minecraft:mob_kills":57,"minecraft:interact_with_crafting_table":10,"minecraft:leave_game":1,"minecraft:time_since_death":1637,"minecraft:climb_one_cm":105,"minecraft:sprint_one_cm":334074,"minecraft:walk_one_cm":235184,"minecraft:damage_blocked_by_shield":1631,"minecraft:drop":30,"minecraft:play_time":99169,"minecraft:deaths":3,"minecraft:sneak_time":10318,"minecraft:walk_under_water_one_cm":8056,"minecraft:jump":1448,"minecraft:walk_on_water_one_cm":27813,"minecraft:total_world_time":99169,"minecraft:interact_with_furnace":27,"minecraft:time_since_rest":1664,"minecraft:damage_taken":3030,"minecraft:damage_dealt":9679,"minecraft:swim_one_cm":38574,"minecraft:fly_one_cm":242260,"minecraft:open_chest":10,"minecraft:crouch_one_cm":21737,"minecraft:interact_with_smoker":3,"minecraft:fall_one_cm":39443},"minecraft:dropped":{"minecraft:wheat_seeds":2,"minecraft:feather":10,"minecraft:cobblestone":87,"minecraft:granite":1,"minecraft:stick":7,"minecraft:diorite":1,"minecraft:melon_slice":1,"minecraft:bone_meal":1,"minecraft:string":21,"minecraft:bone":5,"minecraft:sugar_cane":11,"minecraft:cobbled_deepslate":3,"minecraft:cocoa_beans":1,"minecraft:wheat":4,"minecraft:raw_iron":1,"minecraft:oak_planks":4,"minecraft:gunpowder":19,"minecraft:beetroot_seeds":3,"minecraft:spider_eye":1,"minecraft:wooden_pickaxe":1}},"DataVersion":3953}