{"stats":{"minecraft:killed_by":{"minecraft:zombie":1,"minecraft:player":2},"minecraft:custom":{"minecraft:interact_with_crafting_table":53,"minecraft:open_barrel":8,"minecraft:leave_game":3,"minecraft:time_since_death":167376,"minecraft:sprint_one_cm":933910,"minecraft:damage_blocked_by_shield":3752,"minecraft:drop":89,"minecraft:talked_to_villager":19,"minecraft:play_time":354558,"minecraft:deaths":6,"minecraft:jump":7058,"minecraft:walk_on_water_one_cm":70428,"minecraft:interact_with_furnace":78,"minecraft:traded_with_villager":1,"minecraft:sleep_in_bed":6,"minecraft:damage_dealt":40231,"minecraft:player_kills":1,"minecraft:crouch_one_cm":47819,"minecraft:inspect_dispenser":9,"minecraft:mob_kills":321,"minecraft:climb_one_cm":25186,"minecraft:walk_one_cm":849817,"minecraft:sneak_time":13093,"minecraft:walk_under_water_one_cm":40990,"minecraft:boat_one_cm":35926,"minecraft:total_world_time":354558,"minecraft:time_since_rest":151846,"minecraft:damage_taken":9286,"minecraft:fly_one_cm":1126014,"minecraft:swim_one_cm":182913,"minecraft:open_chest":67,"minecraft:fall_one_cm":143783},"minecraft:picked_up":{"minecraft:iron_chestplate":4,"minecraft:potion":1,"minecraft:amethyst_block":21,"minecraft:string":10,"minecraft:iron_leggings":4,"minecraft:cobbled_deepslate":572,"minecraft:spruce_planks":14,"minecraft:trial_key":14,"minecraft:melon_slice":8,"minecraft:furnace":5,"minecraft:iron_boots":5,"minecraft:stick":19,"minecraft:torch":1,"minecraft:acacia_log":12,"minecraft:porkchop":46,"minecraft:cherry_log":1,"minecraft:waxed_copper_grate":3,"minecraft:honey_bottle":1,"minecraft:rotten_flesh":139,"minecraft:cobblestone":309,"minecraft:nautilus_shell":5,"minecraft:feather":10,"minecraft:cooked_beef":20,"minecraft:cherry_planks":11,"minecraft:andesite":21,"minecraft:potato":4,"minecraft:tuff":167,"minecraft:lapis_lazuli":68,"minecraft:dirt":185,"minecraft:leather_boots":1,"minecraft:bone":186,"minecraft:bow":17,"minecraft:wheat_seeds":10,"minecraft:raw_gold":105,"minecraft:bell":1,"minecraft:grindstone":2,"minecraft:glowstone_dust":1,"minecraft:diamond_helmet":2,"minecraft:moss_block":5,"minecraft:oak_planks":286,"minecraft:waxed_oxidized_copper_trapdoor":1,"minecraft:cooked_porkchop":12,"minecraft:waxed_oxidized_copper_bulb":1,"minecraft:axolotl_bucket":3,"minecraft:waxed_chiseled_copper":2,"minecraft:sand":7,"minecraft:sugar":3,"minecraft:diamond":200,"minecraft:waxed_oxidized_copper_grate":4,"minecraft:granite":2,"minecraft:crossbow":1,"minecraft:breeze_rod":17,"minecraft:bread":11,"minecraft:emerald":38,"minecraft:oak_sapling":5,"minecraft:diamond_pickaxe":3,"minecraft:waxed_oxidized_cut_copper":2,"minecraft:crafting_table":6,"minecraft:chicken":2,"minecraft:clay_ball":196,"minecraft:chain":1,"minecraft:shield":3,"minecraft:brick":3,"minecraft:wind_charge":3,"minecraft:iron_axe":3,"minecraft:beef":65,"minecraft:chiseled_tuff":1,"minecraft:guster_pottery_sherd":1,"minecraft:lectern":10,"minecraft:sugar_cane":71,"minecraft:spruce_trapdoor":3,"minecraft:phantom_membrane":1,"minecraft:waxed_oxidized_copper":2,"minecraft:raw_iron":86,"minecraft:copper_ingot":1,"minecraft:redstone":20,"minecraft:music_disc_creator_music_box":1,"minecraft:arrow":162,"minecraft:diamond_chestplate":2,"minecraft:decorated_pot":17,"minecraft:diamond_boots":2,"minecraft:saddle":1,"minecraft:tuff_bricks":16,"minecraft:mutton":32,"minecraft:glow_berries":86,"minecraft:white_wool":27,"minecraft:golden_carrot":1,"minecraft:salmon":9,"minecraft:leather":57,"minecraft:oak_log":111,"minecraft:waxed_copper_block":7,"minecraft:gunpowder":23,"minecraft:blue_bed":2,"minecraft:cooked_mutton":34,"minecraft:spore_blossom":4,"minecraft:iron_ingot":11,"minecraft:stone_pickaxe":1,"minecraft:polished_tuff_slab":1,"minecraft:cooked_chicken":4,"minecraft:iron_sword":5,"minecraft:flowering_azalea":8,"minecraft:book":72,"minecraft:smooth_basalt":1,"minecraft:sweet_berries":32,"minecraft:amethyst_shard":20,"minecraft:spruce_sapling":20,"minecraft:white_bed":2,"minecraft:spruce_log":76,"minecraft:spruce_door":1,"minecraft:polished_tuff":4,"minecraft:slime_ball":79,"minecraft:gray_wool":1,"minecraft:baked_potato":5,"minecraft:black_wool":2,"minecraft:coal":97},"minecraft:mined":{"minecraft:spruce_planks":11,"minecraft:cherry_log":1,"minecraft:spruce_trapdoor":1,"minecraft:cave_vines_plant":1,"minecraft:granite":2,"minecraft:acacia_log":6,"minecraft:grass_block":21,"minecraft:chiseled_tuff_bricks":6,"minecraft:tuff_bricks":36,"minecraft:tall_seagrass":1,"minecraft:sculk_catalyst":1,"minecraft:iron_ore":36,"minecraft:cobbled_deepslate":8,"minecraft:polished_tuff":4,"minecraft:waxed_oxidized_copper_bulb":1,"minecraft:deepslate_lapis_ore":5,"minecraft:cave_vines":4,"minecraft:polished_tuff_slab":2,"minecraft:amethyst_cluster":5,"minecraft:powder_snow":10,"minecraft:clay":16,"minecraft:calcite":2,"minecraft:cobblestone":16,"minecraft:oak_planks":14,"minecraft:grindstone":2,"minecraft:sugar_cane":36,"minecraft:waxed_chiseled_copper":2,"minecraft:amethyst_block":9,"minecraft:seagrass":1,"minecraft:chain":1,"minecraft:waxed_copper_bulb":4,"minecraft:waxed_oxidized_copper_trapdoor":2,"minecraft:waxed_oxidized_cut_copper_stairs":1,"minecraft:waxed_copper_block":9,"minecraft:oak_log":60,"minecraft:waxed_oxidized_copper":5,"minecraft:dirt":53,"minecraft:smooth_basalt":1,"minecraft:oak_leaves":9,"minecraft:deepslate":519,"minecraft:tuff":51,"minecraft:deepslate_diamond_ore":75,"minecraft:waxed_oxidized_chiseled_copper":1,"minecraft:decorated_pot":31,"minecraft:spruce_leaves":8,"minecraft:moss_block":3,"minecraft:large_fern":2,"minecraft:spore_blossom":2,"minecraft:waxed_oxidized_cut_copper":3,"minecraft:furnace":4,"minecraft:waxed_copper_grate":4,"minecraft:andesite":15,"minecraft:chiseled_tuff":2,"minecraft:bookshelf":6,"minecraft:vine":3,"minecraft:deepslate_iron_ore":23,"minecraft:stone":185,"minecraft:bone_block":1,"minecraft:flowering_azalea":3,"minecraft:cherry_planks":10,"minecraft:crafting_table":5,"minecraft:short_grass":73,"minecraft:sculk_sensor":1,"minecraft:lectern":10,"minecraft:tall_grass":15,"minecraft:red_glazed_terracotta":1,"minecraft:deepslate_gold_ore":35,"minecraft:blue_bed":2,"minecraft:waxed_oxidized_copper_grate":9,"minecraft:sweet_berry_bush":8,"minecraft:spruce_log":76,"minecraft:coal_ore":35,"minecraft:gravel":2,"minecraft:fern":4},"minecraft:used":{"minecraft:moss_block":1,"minecraft:tuff_bricks":13,"minecraft:chiseled_tuff":1,"minecraft:decorated_pot":17,"minecraft:chest":4,"minecraft:shield":96,"minecraft:iron_sword":637,"minecraft:bell":1,"minecraft:rotten_flesh":11,"minecraft:mutton":4,"minecraft:tuff":17,"minecraft:axolotl_bucket":3,"minecraft:waxed_oxidized_copper":2,"minecraft:waxed_oxidized_copper_grate":4,"minecraft:bow":17,"minecraft:sweet_berries":9,"minecraft:furnace":8,"minecraft:stone_pickaxe":195,"minecraft:oak_planks":65,"minecraft:wooden_pickaxe":6,"minecraft:blue_bed":2,"minecraft:sugar_cane":71,"minecraft:glow_berries":2,"minecraft:bread":15,"minecraft:melon_slice":8,"minecraft:spore_blossom":1,"minecraft:lectern":10,"minecraft:grindstone":2,"minecraft:oak_boat":1,"minecraft:spruce_planks":25,"minecraft:cooked_chicken":6,"minecraft:trial_key":3,"minecraft:dirt":91,"minecraft:spruce_fence":48,"minecraft:flowering_azalea":1,"minecraft:iron_axe":73,"minecraft:smooth_basalt":1,"minecraft:golden_carrot":1,"minecraft:beef":3,"minecraft:cooked_beef":40,"minecraft:cobbled_deepslate":205,"minecraft:cooked_mutton":22,"minecraft:water_bucket":10,"minecraft:baked_potato":12,"minecraft:waxed_oxidized_cut_copper":2,"minecraft:cherry_planks":13,"minecraft:waxed_oxidized_copper_trapdoor":1,"minecraft:waxed_copper_block":5,"minecraft:salmon":1,"minecraft:crafting_table":11,"minecraft:white_bed":1,"minecraft:oak_log":2,"minecraft:diamond_pickaxe":272,"minecraft:wind_charge":5,"minecraft:iron_pickaxe":708,"minecraft:spruce_trapdoor":2,"minecraft:stone_axe":283,"minecraft:cobblestone":136,"minecraft:cooked_porkchop":21,"minecraft:porkchop":9,"minecraft:bucket":14},"minecraft:killed":{"minecraft:witch":1,"minecraft:spider":6,"minecraft:skeleton":77,"minecraft:chicken":2,"minecraft:pig":19,"minecraft:zombie_villager":1,"minecraft:salmon":4,"minecraft:creeper":6,"minecraft:sheep":16,"minecraft:zombie":54,"minecraft:cow":17,"minecraft:slime":80,"minecraft:phantom":5,"minecraft:drowned":8,"minecraft:breeze":10,"minecraft:enderman":1},"minecraft:crafted":{"minecraft:smooth_stone":7,"minecraft:oak_planks":224,"minecraft:cooked_chicken":2,"minecraft:stone":7,"minecraft:cooked_mutton":16,"minecraft:diamond_helmet":1,"minecraft:diamond_leggings":1,"minecraft:iron_boots":1,"minecraft:chest":4,"minecraft:cooked_porkchop":10,"minecraft:crafting_table":6,"minecraft:spruce_planks":304,"minecraft:wooden_pickaxe":1,"minecraft:iron_chestplate":1,"minecraft:diamond_pickaxe":2,"minecraft:shield":2,"minecraft:stick":156,"minecraft:iron_ingot":42,"minecraft:iron_pickaxe":3,"minecraft:cherry_planks":4,"minecraft:leather_boots":1,"minecraft:furnace":4,"minecraft:spruce_fence":153,"minecraft:iron_axe":2,"minecraft:stone_pickaxe":2,"minecraft:diamond_boots":1,"minecraft:cooked_beef":37,"minecraft:iron_sword":3,"minecraft:bucket":2,"minecraft:stone_axe":3,"minecraft:air":0,"minecraft:oak_boat":1,"minecraft:iron_leggings":1,"minecraft:white_bed":2,"minecraft:acacia_planks":24,"minecraft:diamond_chestplate":1},"minecraft:dropped":{"minecraft:guster_pottery_sherd":1,"minecraft:iron_sword":1,"minecraft:moss_block":4,"minecraft:diamond":2,"minecraft:cooked_porkchop":1,"minecraft:emerald":34,"minecraft:dirt":10,"minecraft:mutton":1,"minecraft:chain":1,"minecraft:sand":7,"minecraft:sugar":2,"minecraft:white_wool":5,"minecraft:stone_axe":1,"minecraft:cobbled_deepslate":80,"minecraft:rotten_flesh":47,"minecraft:oak_planks":42,"minecraft:waxed_copper_block":2,"minecraft:gunpowder":5,"minecraft:leather_boots":2,"minecraft:arrow":2,"minecraft:enchanted_book":1,"minecraft:bread":1,"minecraft:wheat_seeds":7,"minecraft:feather":1,"minecraft:waxed_copper_grate":2,"minecraft:polished_tuff":1,"minecraft:granite":2,"minecraft:spruce_door":1,"minecraft:coal":2,"minecraft:stick":4,"minecraft:gray_wool":1,"minecraft:cherry_planks":2,"minecraft:iron_leggings":1,"minecraft:flowering_azalea":3,"minecraft:string":5,"minecraft:spruce_sapling":8,"minecraft:tuff_bricks":2,"minecraft:polished_tuff_slab":1,"minecraft:tuff":71,"minecraft:clay_ball":4,"minecraft:iron_boots":2,"minecraft:potato":2,"minecraft:trial_key":2,"minecraft:spruce_trapdoor":1,"minecraft:spruce_planks":3,"minecraft:oak_sapling":3,"minecraft:slime_ball":8,"minecraft:bow":3,"minecraft:stone_pickaxe":1,"minecraft:wooden_pickaxe":1},"minecraft:broken":{"minecraft:stone_pickaxe":1,"minecraft:stone_axe":2,"minecraft:iron_sword":1,"minecraft:iron_pickaxe":2}},"DataVersion":3953}