{"stats":{"minecraft:killed_by":{"minecraft:player":2,"minecraft:zombie":1},"minecraft:custom":{"minecraft:mob_kills":288,"minecraft:interact_with_crafting_table":53,"minecraft:open_barrel":8,"minecraft:leave_game":3,"minecraft:time_since_death":143376,"minecraft:climb_one_cm":20129,"minecraft:sprint_one_cm":852415,"minecraft:walk_one_cm":783893,"minecraft:damage_blocked_by_shield":2882,"minecraft:drop":83,"minecraft:talked_to_villager":19,"minecraft:play_time":330558,"minecraft:deaths":6,"minecraft:sneak_time":12223,"minecraft:walk_under_water_one_cm":39891,"minecraft:boat_one_cm":35926,"minecraft:jump":6701,"minecraft:walk_on_water_one_cm":61449,"minecraft:total_world_time":330558,"minecraft:interact_with_furnace":78,"minecraft:traded_with_villager":1,"minecraft:sleep_in_bed":6,"minecraft:time_since_rest":127846,"minecraft:damage_taken":8665,"minecraft:damage_dealt":36584,"minecraft:swim_one_cm":182861,"minecraft:fly_one_cm":1077303,"minecraft:player_kills":1,"minecraft:open_chest":65,"minecraft:crouch_one_cm":44928,"minecraft:fall_one_cm":135435,"minecraft:inspect_dispenser":9},"minecraft:picked_up":{"minecraft:crafting_table":6,"minecraft:waxed_oxidized_cut_copper":2,"minecraft:iron_chestplate":4,"minecraft:chicken":2,"minecraft:clay_ball":196,"minecraft:brick":3,"minecraft:shield":3,"minecraft:amethyst_block":21,"minecraft:wind_charge":3,"minecraft:string":10,"minecraft:iron_axe":3,"minecraft:iron_leggings":4,"minecraft:cobbled_deepslate":571,"minecraft:spruce_planks":14,"minecraft:beef":65,"minecraft:trial_key":7,"minecraft:chiseled_tuff":1,"minecraft:lectern":10,"minecraft:guster_pottery_sherd":1,"minecraft:sugar_cane":71,"minecraft:spruce_trapdoor":3,"minecraft:phantom_membrane":1,"minecraft:iron_boots":5,"minecraft:furnace":5,"minecraft:stick":19,"minecraft:raw_iron":86,"minecraft:copper_ingot":1,"minecraft:torch":1,"minecraft:acacia_log":12,"minecraft:porkchop":46,"minecraft:cherry_log":1,"minecraft:waxed_copper_grate":2,"minecraft:redstone":20,"minecraft:music_disc_creator_music_box":1,"minecraft:rotten_flesh":134,"minecraft:diamond_chestplate":2,"minecraft:arrow":140,"minecraft:decorated_pot":15,"minecraft:diamond_boots":2,"minecraft:saddle":1,"minecraft:tuff_bricks":8,"minecraft:glow_berries":84,"minecraft:mutton":32,"minecraft:white_wool":27,"minecraft:cobblestone":309,"minecraft:nautilus_shell":5,"minecraft:feather":10,"minecraft:cooked_beef":20,"minecraft:golden_carrot":1,"minecraft:cherry_planks":11,"minecraft:salmon":9,"minecraft:andesite":21,"minecraft:leather":57,"minecraft:potato":4,"minecraft:tuff":167,"minecraft:oak_log":111,"minecraft:waxed_copper_block":4,"minecraft:gunpowder":23,"minecraft:lapis_lazuli":68,"minecraft:blue_bed":2,"minecraft:dirt":185,"minecraft:cooked_mutton":32,"minecraft:leather_boots":1,"minecraft:bone":169,"minecraft:bell":1,"minecraft:bow":17,"minecraft:wheat_seeds":10,"minecraft:raw_gold":105,"minecraft:polished_tuff_slab":1,"minecraft:spore_blossom":4,"minecraft:stone_pickaxe":1,"minecraft:grindstone":2,"minecraft:iron_ingot":11,"minecraft:cooked_chicken":2,"minecraft:diamond_helmet":2,"minecraft:glowstone_dust":1,"minecraft:moss_block":5,"minecraft:flowering_azalea":8,"minecraft:oak_planks":286,"minecraft:iron_sword":5,"minecraft:book":72,"minecraft:waxed_oxidized_copper_trapdoor":1,"minecraft:smooth_basalt":1,"minecraft:cooked_porkchop":12,"minecraft:sweet_berries":32,"minecraft:axolotl_bucket":3,"minecraft:sand":7,"minecraft:amethyst_shard":20,"minecraft:spruce_sapling":20,"minecraft:white_bed":2,"minecraft:spruce_log":76,"minecraft:polished_tuff":1,"minecraft:spruce_door":1,"minecraft:sugar":3,"minecraft:slime_ball":68,"minecraft:diamond":200,"minecraft:breeze_rod":10,"minecraft:crossbow":1,"minecraft:granite":2,"minecraft:gray_wool":1,"minecraft:emerald":35,"minecraft:bread":7,"minecraft:baked_potato":2,"minecraft:oak_sapling":5,"minecraft:black_wool":2,"minecraft:coal":97,"minecraft:diamond_pickaxe":3},"minecraft:mined":{"minecraft:tuff":51,"minecraft:spruce_planks":11,"minecraft:deepslate_diamond_ore":75,"minecraft:cherry_log":1,"minecraft:spruce_trapdoor":1,"minecraft:waxed_oxidized_chiseled_copper":1,"minecraft:cave_vines_plant":1,"minecraft:granite":2,"minecraft:acacia_log":6,"minecraft:grass_block":21,"minecraft:decorated_pot":30,"minecraft:spruce_leaves":8,"minecraft:chiseled_tuff_bricks":6,"minecraft:moss_block":3,"minecraft:tuff_bricks":26,"minecraft:large_fern":2,"minecraft:tall_seagrass":1,"minecraft:spore_blossom":2,"minecraft:waxed_oxidized_cut_copper":3,"minecraft:sculk_catalyst":1,"minecraft:furnace":4,"minecraft:waxed_copper_grate":3,"minecraft:iron_ore":36,"minecraft:cobbled_deepslate":6,"minecraft:polished_tuff":2,"minecraft:andesite":15,"minecraft:deepslate_lapis_ore":5,"minecraft:chiseled_tuff":1,"minecraft:bookshelf":6,"minecraft:cave_vines":4,"minecraft:deepslate_iron_ore":23,"minecraft:vine":3,"minecraft:polished_tuff_slab":1,"minecraft:stone":185,"minecraft:flowering_azalea":3,"minecraft:cherry_planks":10,"minecraft:amethyst_cluster":5,"minecraft:powder_snow":7,"minecraft:clay":16,"minecraft:crafting_table":5,"minecraft:short_grass":73,"minecraft:calcite":2,"minecraft:sculk_sensor":1,"minecraft:lectern":10,"minecraft:tall_grass":15,"minecraft:cobblestone":16,"minecraft:deepslate_gold_ore":35,"minecraft:grindstone":2,"minecraft:sugar_cane":36,"minecraft:oak_planks":14,"minecraft:blue_bed":2,"minecraft:amethyst_block":9,"minecraft:seagrass":1,"minecraft:waxed_copper_bulb":3,"minecraft:waxed_oxidized_copper_trapdoor":2,"minecraft:waxed_oxidized_copper_grate":5,"minecraft:sweet_berry_bush":8,"minecraft:waxed_oxidized_cut_copper_stairs":1,"minecraft:spruce_log":76,"minecraft:waxed_copper_block":7,"minecraft:coal_ore":35,"minecraft:oak_log":60,"minecraft:waxed_oxidized_copper":3,"minecraft:gravel":2,"minecraft:dirt":53,"minecraft:smooth_basalt":1,"minecraft:oak_leaves":9,"minecraft:deepslate":519,"minecraft:fern":4},"minecraft:used":{"minecraft:tuff_bricks":5,"minecraft:moss_block":1,"minecraft:chiseled_tuff":1,"minecraft:chest":4,"minecraft:decorated_pot":2,"minecraft:spruce_planks":23,"minecraft:shield":71,"minecraft:iron_sword":565,"minecraft:bell":1,"minecraft:cooked_chicken":4,"minecraft:trial_key":3,"minecraft:dirt":91,"minecraft:mutton":4,"minecraft:spruce_fence":48,"minecraft:tuff":17,"minecraft:axolotl_bucket":3,"minecraft:flowering_azalea":1,"minecraft:iron_axe":73,"minecraft:smooth_basalt":1,"minecraft:bow":17,"minecraft:golden_carrot":1,"minecraft:beef":3,"minecraft:sweet_berries":9,"minecraft:furnace":8,"minecraft:cooked_beef":40,"minecraft:cobbled_deepslate":204,"minecraft:cooked_mutton":20,"minecraft:water_bucket":8,"minecraft:stone_pickaxe":195,"minecraft:oak_planks":65,"minecraft:baked_potato":12,"minecraft:waxed_oxidized_cut_copper":2,"minecraft:wooden_pickaxe":6,"minecraft:cherry_planks":13,"minecraft:waxed_oxidized_copper_trapdoor":1,"minecraft:sugar_cane":71,"minecraft:blue_bed":2,"minecraft:waxed_copper_block":2,"minecraft:salmon":1,"minecraft:crafting_table":11,"minecraft:white_bed":1,"minecraft:oak_log":2,"minecraft:diamond_pickaxe":272,"minecraft:wind_charge":5,"minecraft:bread":12,"minecraft:iron_pickaxe":676,"minecraft:lectern":10,"minecraft:spore_blossom":1,"minecraft:spruce_trapdoor":2,"minecraft:stone_axe":283,"minecraft:cobblestone":136,"minecraft:grindstone":2,"minecraft:porkchop":9,"minecraft:cooked_porkchop":21,"minecraft:bucket":12,"minecraft:oak_boat":1},"minecraft:killed":{"minecraft:witch":1,"minecraft:spider":6,"minecraft:slime":72,"minecraft:phantom":5,"minecraft:skeleton":62,"minecraft:chicken":2,"minecraft:drowned":8,"minecraft:pig":19,"minecraft:zombie_villager":1,"minecraft:salmon":4,"minecraft:creeper":6,"minecraft:sheep":16,"minecraft:zombie":53,"minecraft:breeze":6,"minecraft:enderman":1,"minecraft:cow":17},"minecraft:crafted":{"minecraft:cherry_planks":4,"minecraft:smooth_stone":7,"minecraft:oak_planks":224,"minecraft:leather_boots":1,"minecraft:cooked_chicken":2,"minecraft:furnace":4,"minecraft:stone":7,"minecraft:spruce_fence":153,"minecraft:cooked_mutton":16,"minecraft:diamond_helmet":1,"minecraft:diamond_leggings":1,"minecraft:iron_boots":1,"minecraft:iron_axe":2,"minecraft:stone_pickaxe":2,"minecraft:chest":4,"minecraft:diamond_boots":1,"minecraft:cooked_beef":37,"minecraft:cooked_porkchop":10,"minecraft:crafting_table":6,"minecraft:spruce_planks":304,"minecraft:wooden_pickaxe":1,"minecraft:iron_sword":3,"minecraft:bucket":2,"minecraft:stone_axe":3,"minecraft:air":0,"minecraft:oak_boat":1,"minecraft:iron_chestplate":1,"minecraft:diamond_pickaxe":2,"minecraft:shield":2,"minecraft:stick":156,"minecraft:iron_pickaxe":3,"minecraft:iron_ingot":42,"minecraft:iron_leggings":1,"minecraft:white_bed":2,"minecraft:acacia_planks":24,"minecraft:diamond_chestplate":1},"minecraft:dropped":{"minecraft:guster_pottery_sherd":1,"minecraft:enchanted_book":1,"minecraft:iron_sword":1,"minecraft:moss_block":4,"minecraft:wheat_seeds":7,"minecraft:diamond":2,"minecraft:cooked_porkchop":1,"minecraft:feather":1,"minecraft:waxed_copper_grate":2,"minecraft:polished_tuff":1,"minecraft:granite":2,"minecraft:spruce_door":1,"minecraft:coal":2,"minecraft:emerald":31,"minecraft:stick":4,"minecraft:dirt":10,"minecraft:gray_wool":1,"minecraft:mutton":1,"minecraft:cherry_planks":2,"minecraft:iron_leggings":1,"minecraft:sand":7,"minecraft:flowering_azalea":3,"minecraft:sugar":2,"minecraft:string":4,"minecraft:white_wool":5,"minecraft:spruce_sapling":8,"minecraft:stone_axe":1,"minecraft:tuff_bricks":2,"minecraft:cobbled_deepslate":80,"minecraft:polished_tuff_slab":1,"minecraft:tuff":71,"minecraft:rotten_flesh":47,"minecraft:clay_ball":4,"minecraft:oak_planks":42,"minecraft:iron_boots":2,"minecraft:waxed_copper_block":2,"minecraft:potato":2,"minecraft:spruce_trapdoor":1,"minecraft:gunpowder":5,"minecraft:spruce_planks":3,"minecraft:leather_boots":2,"minecraft:oak_sapling":3,"minecraft:slime_ball":8,"minecraft:arrow":2,"minecraft:bow":3,"minecraft:wooden_pickaxe":1,"minecraft:stone_pickaxe":1},"minecraft:broken":{"minecraft:stone_pickaxe":1,"minecraft:stone_axe":2,"minecraft:iron_sword":1,"minecraft:iron_pickaxe":2}},"DataVersion":3953}