{"stats":{"minecraft:picked_up":{"minecraft:dirt":1},"minecraft:mined":{"minecraft:grass_block":1},"minecraft:killed_by":{"minecraft:zombie":1},"minecraft:custom":{"minecraft:jump":13,"minecraft:time_since_rest":47,"minecraft:leave_game":1,"minecraft:deaths":1,"minecraft:sprint_one_cm":2842,"minecraft:play_time":951,"minecraft:damage_taken":230,"minecraft:time_since_death":0,"minecraft:walk_one_cm":1485,"minecraft:total_world_time":951,"minecraft:fall_one_cm":685,"minecraft:fly_one_cm":2306}},"DataVersion":3953}