{"stats":{"minecraft:custom":{"minecraft:time_since_rest":11942,"minecraft:interact_with_furnace":5,"minecraft:play_time":11942,"minecraft:sprint_one_cm":15859,"minecraft:damage_taken":181,"minecraft:walk_one_cm":29974,"minecraft:sneak_time":4,"minecraft:mob_kills":2,"minecraft:jump":107,"minecraft:damage_dealt":280,"minecraft:time_since_death":11942,"minecraft:total_world_time":11942,"minecraft:interact_with_crafting_table":4,"minecraft:fall_one_cm":1933,"minecraft:fly_one_cm":17121},"minecraft:picked_up":{"minecraft:stick":2,"minecraft:birch_log":5,"minecraft:crafting_table":1,"minecraft:oak_log":23,"minecraft:oak_sapling":3,"minecraft:mutton":1,"minecraft:white_wool":1,"minecraft:dirt":2,"minecraft:cobblestone":11},"minecraft:mined":{"minecraft:coal_ore":1,"minecraft:oak_log":23,"minecraft:birch_log":3,"minecraft:stone":11,"minecraft:oak_leaves":3,"minecraft:crafting_table":1},"minecraft:used":{"minecraft:cooked_mutton":1,"minecraft:wooden_axe":6,"minecraft:dirt":1,"minecraft:crafting_table":1,"minecraft:wooden_pickaxe":12},"minecraft:crafted":{"minecraft:oak_planks":92,"minecraft:cooked_mutton":1,"minecraft:crafting_table":1,"minecraft:iron_pickaxe":1,"minecraft:air":0,"minecraft:iron_ingot":3,"minecraft:stick":8,"minecraft:wooden_pickaxe":1,"minecraft:wooden_axe":2},"minecraft:killed":{"minecraft:sheep":1,"minecraft:zombie":1}},"DataVersion":3953}